first_name,last_name,email,street_address,suburb,state,postcode,country,phone_number,experience,insured,password
Dione,Wetton,dwetton0@spiegel.de,047 Butterfield Place,Eastern Suburbs Mc,New South Wales,2596,Australia,0455 762 151,Advanced,true,Ma!6ah70q8
Amanda,McMillan,amcmillan1@parallels.com,383 Di Loreto Lane,Sydney,New South Wales,2067,Australia,0448 413 951,Intermediate,false,Ei!5lv69g1
Emmalee,Dillinton,edillinton2@artisteer.com,9 Bobwhite Plaza,Eastern Suburbs Mc,New South Wales,2151,Australia,0469 376 978,Advanced,true,Yn!3nn51b4
Angelita,Dredge,adredge3@tripadvisor.com,26 Banding Pass,Sydney,New South Wales,2072,Australia,0423 076 564,Advanced,true,Rv!8rj84s3
Ruddie,Fowden,rfowden4@de.vu,0861 Declaration Lane,Eastern Suburbs Mc,New South Wales,2070,Australia,0467 804 469,Expert,true,Dr!0wy58j6
Brew,Fieldsend,bfieldsend5@theatlantic.com,9 Delaware Avenue,Sydney,New South Wales,2446,Australia,0481 186 015,Expert,true,Tq!5id54g2
Larina,Simic,lsimic6@va.gov,970 Cherokee Crossing,Sydney South,New South Wales,2797,Australia,0453 958 738,Expert,true,Me!3op02a1
Perceval,Goodhall,pgoodhall7@paginegialle.it,9621 Lighthouse Bay Center,Sydney,New South Wales,2147,Australia,0482 224 223,Expert,false,Sw!6oe91y4
Duff,Seiter,dseiter8@booking.com,246 Village Green Junction,Eastern Suburbs Mc,New South Wales,2776,Australia,0450 696 496,Expert,false,Mt!2fo53o5
Amalia,Farley,afarley9@google.com.hk,6001 Del Sol Plaza,Sydney,New South Wales,2057,Australia,0402 413 328,Advanced,false,Yf!5yi75q3
Joaquin,Pretsell,jpretsella@wikipedia.org,51 Kennedy Trail,Strawberry Hills,New South Wales,2598,Australia,0439 383 273,Expert,true,Wr!6hx29a5
Dyna,Ackenhead,dackenheadb@example.com,1528 Londonderry Drive,Sydney,New South Wales,2384,Australia,0499 270 072,Beginner,false,Zh!7zg35b0
Reena,Divis,rdivisc@php.net,5715 Bunting Alley,Sydney,New South Wales,2538,Australia,0460 542 917,Beginner,true,Wy!6xl89t4
Talya,Sauvan,tsauvand@theguardian.com,71 3rd Drive,Eastern Suburbs Mc,New South Wales,2254,Australia,0406 239 319,Advanced,false,Si!5sn50c6
Daile,Bauld,dbaulde@dropbox.com,45069 Stoughton Point,Sydney,New South Wales,2715,Australia,0448 770 665,Beginner,true,Uu!0al13r3
Eugenie,Barsby,ebarsbyf@networksolutions.com,1704 Arrowood Court,Sydney,New South Wales,2301,Australia,0463 627 570,Advanced,true,Kf!2uz84b2
Nichole,Bushill,nbushillg@nydailynews.com,76 Walton Junction,Sydney,New South Wales,2874,Australia,0457 902 558,Intermediate,false,Jg!3oq31x2
Spense,Colston,scolstonh@goo.ne.jp,015 Dovetail Circle,Sydney,New South Wales,2768,Australia,0449 695 948,Advanced,false,Iu!5oz41t2
Davin,Detheridge,ddetheridgei@angelfire.com,624 Huxley Point,Sydney,New South Wales,2464,Australia,0450 409 855,Expert,true,La!2ox34n1
Urbanus,Rolls,urollsj@archive.org,33108 Twin Pines Place,Sydney South,New South Wales,2428,Australia,0448 956 519,Advanced,false,So!4xc35n9
Brina,Frain,bfraink@timesonline.co.uk,5712 Waxwing Lane,Sydney,New South Wales,2002,Australia,0460 332 544,Beginner,true,Ss!3fd87z2
Gleda,Courson,gcoursonl@sogou.com,27 Miller Drive,Eastern Suburbs Mc,New South Wales,2444,Australia,0462 005 792,Advanced,false,Wv!3lm19w7
Aland,Bartholat,abartholatm@samsung.com,36 Helena Street,Sydney,New South Wales,2538,Australia,0422 448 121,Beginner,false,Ou!1de56p2
Franzen,Endricci,fendriccin@sbwire.com,81156 Superior Pass,Sydney,New South Wales,2185,Australia,0492 828 164,Advanced,false,Vr!9my31x0
Yorker,Janicki,yjanickio@squidoo.com,7 Schurz Circle,Strawberry Hills,New South Wales,2213,Australia,0465 642 177,Intermediate,true,Gn!5by28f5
Woodrow,Halewood,whalewoodp@cisco.com,5502 Sage Drive,Sydney,New South Wales,2943,Australia,0413 435 941,Beginner,true,Op!1jx39x3
Kassandra,Marley,kmarleyq@bigcartel.com,4 Dexter Avenue,Sydney,New South Wales,2474,Australia,0455 443 155,Beginner,false,Qb!0xy24e8
Evin,Ritch,eritchr@un.org,60873 Carey Alley,Sydney,New South Wales,2824,Australia,0408 579 123,Advanced,false,Vm!0pm47t3
Alida,Juris,ajuriss@comcast.net,32 Westerfield Alley,Sydney,New South Wales,2922,Australia,0451 863 603,Expert,true,Ud!3hg49w1
Jaclin,Vyel,jvyelt@networksolutions.com,26445 Surrey Road,Sydney,New South Wales,2969,Australia,0401 131 811,Advanced,false,Xv!5uu21s5
Amelina,Dinley,adinleyu@cdbaby.com,7841 Park Meadow Trail,Eastern Suburbs Mc,New South Wales,2198,Australia,0444 050 188,Advanced,false,Xo!3zo56d3
Gregorius,Brenstuhl,gbrenstuhlv@examiner.com,43 Maywood Terrace,Sydney,New South Wales,2155,Australia,0411 779 742,Intermediate,true,Pw!8yk20a9
Zachery,Burdfield,zburdfieldw@blog.com,21 Burning Wood Hill,Sydney,New South Wales,2373,Australia,0483 327 026,Expert,true,Qp!7zs39p5
Pierce,Madge,pmadgex@seesaa.net,0012 Mosinee Street,Sydney South,New South Wales,2322,Australia,0452 624 280,Intermediate,true,Ex!1ni80v8
Rock,Gillie,rgilliey@usgs.gov,44 Nova Crossing,Sydney,New South Wales,2757,Australia,0441 120 540,Expert,true,Uj!7iv50p8
Kevon,Courteney,kcourteneyz@alexa.com,9168 Independence Court,Sydney,New South Wales,2362,Australia,0474 593 640,Expert,false,Sk!0pt80s3
Skylar,Elderfield,selderfield10@tmall.com,397 Towne Center,Northern Suburbs Mc,New South Wales,2590,Australia,0435 599 975,Beginner,true,Ri!7fl59h9
Eartha,Layfield,elayfield11@netscape.com,35 Dryden Terrace,Sydney South,New South Wales,2311,Australia,0484 355 007,Advanced,true,Ww!9eg62j3
Raina,Stanbury,rstanbury12@gravatar.com,0 Holmberg Lane,Sydney,New South Wales,2755,Australia,0489 895 571,Advanced,true,Uq!0rc92b6
Isaac,Breslin,ibreslin13@java.com,890 Moose Street,Sydney,New South Wales,2210,Australia,0441 839 735,Intermediate,true,Mm!2po30m1
Abagael,Bamlet,abamlet14@com.com,44745 Bay Avenue,Sydney,New South Wales,2956,Australia,0406 715 541,Intermediate,false,Wr!3ew11t6
Jarvis,Espino,jespino15@aol.com,3552 Dunning Way,Sydney,New South Wales,2295,Australia,0406 460 018,Advanced,false,Jz!5jl77q6
Kimmi,Micheu,kmicheu16@ovh.net,1 Coolidge Center,Sydney,New South Wales,2995,Australia,0435 301 808,Expert,false,Qv!9yd39r3
Jamie,Bertolin,jbertolin17@list-manage.com,45347 Havey Place,Sydney,New South Wales,2528,Australia,0488 701 588,Beginner,false,Bd!8bb15t8
Hinze,Pyke,hpyke18@domainmarket.com,1871 Brickson Park Street,Australia Square,New South Wales,2438,Australia,0408 194 037,Beginner,true,Fu!7kl07s7
Rosita,Newlove,rnewlove19@rambler.ru,919 Dovetail Drive,Sydney,New South Wales,2399,Australia,0433 195 253,Beginner,true,Cz!9lh43j4
Peta,Fey,pfey1a@newsvine.com,44970 Doe Crossing Hill,Sydney,New South Wales,2280,Australia,0442 070 715,Intermediate,true,Sd!0dk28p9
Baudoin,Ungaretti,bungaretti1b@newyorker.com,4 Morning Way,Sydney,New South Wales,2016,Australia,0466 202 913,Expert,false,Xg!8qf54w1
Nikaniki,Henkmann,nhenkmann1c@phoca.cz,18763 Helena Way,Sydney,New South Wales,2835,Australia,0452 053 887,Intermediate,false,Rv!4id19e7
Fawnia,Bilby,fbilby1d@nih.gov,5 Fairfield Avenue,Eastern Suburbs Mc,New South Wales,2840,Australia,0417 740 385,Beginner,false,Yi!5xs23y9
Oralla,Gajewski,ogajewski1e@usatoday.com,2947 Erie Drive,Sydney,New South Wales,2499,Australia,0491 357 726,Beginner,false,Gf!1lh76b4
Ole,Tregensoe,otregensoe1f@msu.edu,16 8th Trail,Sydney,New South Wales,2680,Australia,0485 682 042,Expert,false,Vd!2bc24v9
Hobey,McGregor,hmcgregor1g@sohu.com,07715 Redwing Avenue,Sydney,New South Wales,2848,Australia,0406 533 318,Expert,false,Yv!0az86a9
Emera,Heugle,eheugle1h@indiatimes.com,993 Annamark Plaza,Sydney,New South Wales,2208,Australia,0485 198 554,Intermediate,true,Jc!3hs85j8
Dominica,Colthard,dcolthard1i@ibm.com,92 Sherman Pass,Australia Square,New South Wales,2322,Australia,0405 897 889,Expert,false,Dj!5fp30e7
Micheline,Brickwood,mbrickwood1j@salon.com,56482 Riverside Way,Sydney,New South Wales,2851,Australia,0481 409 988,Beginner,true,Vr!9jt25b5
Reginald,Jeanes,rjeanes1k@devhub.com,1 Brentwood Alley,Sydney,New South Wales,2947,Australia,0487 401 878,Intermediate,true,Rd!9rd86l6
Rania,Leathlay,rleathlay1l@github.io,5503 Mifflin Pass,Eastern Suburbs Mc,New South Wales,2888,Australia,0466 106 287,Beginner,true,Fy!0ny65l3
Janie,Rulton,jrulton1m@unc.edu,18 New Castle Center,Sydney,New South Wales,2756,Australia,0411 939 668,Beginner,false,Ej!6en86g8
Genvieve,Kennet,gkennet1n@merriam-webster.com,16 Di Loreto Road,Sydney,New South Wales,2800,Australia,0459 905 866,Beginner,true,Sx!5ug01x7
Rusty,Burchett,rburchett1o@mayoclinic.com,217 Dayton Court,Sydney,New South Wales,2733,Australia,0489 178 422,Intermediate,false,Rg!2iv49w8
Miriam,Billo,mbillo1p@merriam-webster.com,29 Karstens Trail,Sydney,New South Wales,2449,Australia,0490 611 151,Advanced,false,Zt!7uf11r9
Virgilio,Dimnage,vdimnage1q@google.com.au,872 Shopko Crossing,Eastern Suburbs Mc,New South Wales,2237,Australia,0494 624 666,Intermediate,true,Ry!3th22h2
Danika,Brownlee,dbrownlee1r@bbb.org,12694 Sycamore Crossing,Sydney,New South Wales,2186,Australia,0409 656 476,Advanced,true,Sr!1nl75p6
Cortney,Janout,cjanout1s@bloomberg.com,911 Summerview Plaza,Sydney,New South Wales,2058,Australia,0488 249 117,Beginner,true,Pv!5fm95m7
Rosabella,Etheredge,retheredge1t@europa.eu,687 Hermina Park,Sydney,New South Wales,2432,Australia,0470 725 343,Expert,true,Mw!2ea73h7
Harmonie,Gillbe,hgillbe1u@live.com,3 Hagan Alley,Eastern Suburbs Mc,New South Wales,2500,Australia,0436 666 700,Beginner,true,Pk!0dl27u2
Darby,Conroy,dconroy1v@google.com,90543 Armistice Way,Eastern Suburbs Mc,New South Wales,2778,Australia,0470 656 492,Intermediate,false,Ft!5gg57i1
Allix,Bellham,abellham1w@squarespace.com,36 Golf Center,Sydney,New South Wales,2808,Australia,0486 004 880,Beginner,false,By!8es11t5
Cletis,Pedley,cpedley1x@artisteer.com,2 Doe Crossing Street,Australia Square,New South Wales,2023,Australia,0485 758 538,Intermediate,true,Mt!5ek67f0
Hilda,Dewdeny,hdewdeny1y@redcross.org,62896 Utah Plaza,Sydney,New South Wales,2253,Australia,0410 200 070,Intermediate,true,Wf!8yh66r2
Eunice,Tue,etue1z@redcross.org,34 Mariners Cove Place,Eastern Suburbs Mc,New South Wales,2539,Australia,0442 137 109,Beginner,true,Mh!9nr73e1
Devan,Ruppertz,druppertz20@reference.com,36 Kingsford Street,Australia Square,New South Wales,2656,Australia,0445 529 231,Beginner,false,Sk!7jh17i8
Claudina,Andreasson,candreasson21@usa.gov,47 Alpine Lane,Sydney,New South Wales,2920,Australia,0492 697 689,Beginner,false,Xx!5gl59l0
Tabina,Janjusevic,tjanjusevic22@gov.uk,5409 Briar Crest Lane,Sydney,New South Wales,2580,Australia,0443 687 682,Beginner,true,Sx!0kj15l6
Ainslee,Southerell,asoutherell23@prnewswire.com,217 Farwell Crossing,Eastern Suburbs Mc,New South Wales,2976,Australia,0421 975 516,Expert,true,Sh!5ck10x0
Amerigo,Thurley,athurley24@moonfruit.com,2 Loomis Way,Australia Square,New South Wales,2062,Australia,0493 141 338,Advanced,false,Gb!3wg70u1
Audrie,Do Rosario,adorosario25@instagram.com,9386 Armistice Way,Sydney,New South Wales,2487,Australia,0484 857 418,Beginner,false,Vd!1di82a1
Anny,Domoney,adomoney26@360.cn,10 Center Plaza,Sydney,New South Wales,2613,Australia,0450 529 699,Expert,true,Js!1uj25x0
Trude,Bitcheno,tbitcheno27@webeden.co.uk,8 Randy Circle,Sydney,New South Wales,2017,Australia,0442 460 897,Advanced,false,Aj!2zr96k9
Gilberta,Sempill,gsempill28@mit.edu,7 American Ash Road,Sydney,New South Wales,2223,Australia,0467 599 221,Intermediate,true,Tp!8ye51t8
Adan,Midlane,amidlane29@goodreads.com,5188 Red Cloud Court,Strawberry Hills,New South Wales,2644,Australia,0473 534 165,Expert,true,Kj!3st02j0
Nissa,Bau,nbau2a@blogger.com,7 Graedel Trail,Sydney,New South Wales,2528,Australia,0443 126 546,Expert,true,Uf!3cz23b2
Sammy,Tipens,stipens2b@ameblo.jp,440 John Wall Crossing,Sydney,New South Wales,2937,Australia,0472 633 062,Advanced,true,Ic!6jb38a1
Von,Winsom,vwinsom2c@bizjournals.com,83435 Shasta Way,Eastern Suburbs Mc,New South Wales,2150,Australia,0421 265 144,Advanced,false,Dx!1yt30w5
Kimberley,Larenson,klarenson2d@simplemachines.org,36 Hovde Circle,Strawberry Hills,New South Wales,2844,Australia,0445 976 861,Advanced,false,Be!8bq97b1
Tamera,Leathley,tleathley2e@nsw.gov.au,77700 Reindahl Center,Sydney,New South Wales,2004,Australia,0445 281 925,Intermediate,false,Pe!3nn41q7
Shurlocke,Mottram,smottram2f@webnode.com,60 Maple Wood Junction,Sydney,New South Wales,2966,Australia,0488 145 730,Advanced,false,Lu!6jx11q8
Reube,Pylkynyton,rpylkynyton2g@reuters.com,1518 Clove Hill,Sydney,New South Wales,2182,Australia,0486 453 026,Expert,true,Si!7xe16y3
Justus,Flewett,jflewett2h@cocolog-nifty.com,271 Lien Alley,Sydney,New South Wales,2924,Australia,0475 973 911,Intermediate,false,Ya!5lp48l6
Christabella,Chapman,cchapman2i@bluehost.com,3610 Cardinal Crossing,Sydney,New South Wales,2087,Australia,0402 876 350,Beginner,true,El!6za06w3
Kenn,Jupp,kjupp2j@twitter.com,412 Bashford Crossing,Sydney,New South Wales,2864,Australia,0459 687 128,Intermediate,false,Ok!9mv48p3
Tye,Blose,tblose2k@odnoklassniki.ru,81973 Mayer Parkway,Eastern Suburbs Mc,New South Wales,2970,Australia,0437 390 559,Intermediate,false,Ln!0dh00t4
Yuma,Crocombe,ycrocombe2l@blogs.com,31950 Ludington Lane,Australia Square,New South Wales,2099,Australia,0495 028 406,Expert,false,Xx!1mi66j2
Zorana,Aubury,zaubury2m@diigo.com,7674 Lake View Road,Sydney,New South Wales,2129,Australia,0496 829 198,Beginner,false,Lx!0mf93q7
Ferguson,Waldron,fwaldron2n@theguardian.com,31 Haas Alley,Northern Suburbs Mc,New South Wales,2113,Australia,0468 881 080,Expert,false,Mp!7nz59x2
Nicoline,Emslie,nemslie2o@networkadvertising.org,83268 Nancy Crossing,Northern Suburbs Mc,New South Wales,2474,Australia,0460 386 859,Expert,false,Hl!0zt84k7
Teirtza,Messier,tmessier2p@wikia.com,47318 Towne Park,Eastern Suburbs Mc,New South Wales,2545,Australia,0431 667 593,Expert,false,Eh!1dh87y3
Mada,Aldersea,maldersea2q@ft.com,56 Veith Alley,Sydney,New South Wales,2741,Australia,0444 799 862,Intermediate,true,Ea!0gb80z6
Konstantin,Carnew,kcarnew2r@themeforest.net,50 Buena Vista Pass,Sydney,New South Wales,2827,Australia,0432 722 034,Expert,false,Ie!6mp82y3
Ximenez,Eite,xeite2s@zimbio.com,59960 Commercial Avenue,Australia Square,New South Wales,2189,Australia,0439 550 027,Advanced,true,Tq!9yx58z0
Eugen,Brason,ebrason2t@ucsd.edu,291 Armistice Parkway,Sydney,New South Wales,2456,Australia,0424 895 674,Advanced,false,Zo!9jl99x7
Rollins,Nani,rnani2u@nydailynews.com,01 Mockingbird Center,Sydney,New South Wales,2941,Australia,0461 569 499,Advanced,false,Dm!4nt66p6
Perkin,Brownhall,pbrownhall2v@ocn.ne.jp,6 Shopko Hill,Sydney,New South Wales,2050,Australia,0424 797 513,Beginner,true,Ej!0ne86q8
Juliet,Navarro,jnavarro2w@aboutads.info,18665 Thackeray Terrace,Sydney,New South Wales,2484,Australia,0401 183 885,Expert,false,Dl!8pw20y1
Shermy,Giannassi,sgiannassi2x@netscape.com,7918 Ohio Trail,Sydney,New South Wales,2484,Australia,0413 762 185,Intermediate,false,Qf!5rg55v6
Fredelia,Sparrow,fsparrow2y@wikia.com,0409 Quincy Alley,Sydney,New South Wales,2952,Australia,0485 295 139,Expert,false,Yz!4vu36y2
Terri,Briance,tbriance2z@narod.ru,7869 Dottie Court,Northern Suburbs Mc,New South Wales,2113,Australia,0496 529 191,Beginner,false,Fe!4xu78w9
Alys,Bordone,abordone30@ucoz.ru,21 Butterfield Court,Sydney,New South Wales,2329,Australia,0432 677 201,Intermediate,true,Vx!6ud38t2
Neron,Ayliffe,nayliffe31@illinois.edu,7986 Mallory Drive,Northern Suburbs Mc,New South Wales,2240,Australia,0451 822 110,Expert,true,Dj!5we27n1
Morris,Drissell,mdrissell32@ibm.com,87 Raven Junction,Sydney,New South Wales,2398,Australia,0466 487 034,Expert,false,Ly!9ff41s8
Horatia,Elderbrant,helderbrant33@wufoo.com,9702 Di Loreto Crossing,Sydney,New South Wales,2843,Australia,0420 694 229,Advanced,false,Uf!5cr59e1
Merrill,Rate,mrate34@acquirethisname.com,08 1st Avenue,Sydney,New South Wales,2189,Australia,0473 989 742,Beginner,false,Em!1dd23s4
Pansie,Moxsom,pmoxsom35@free.fr,028 Londonderry Hill,Sydney,New South Wales,2357,Australia,0448 211 543,Beginner,false,Wu!3cp72m3
Maia,Hoppner,mhoppner36@businessweek.com,0472 Starling Pass,Sydney,New South Wales,2588,Australia,0494 873 452,Expert,true,Ga!9zf65x4
Rainer,Marcos,rmarcos37@tuttocitta.it,8 Doe Crossing Park,Australia Square,New South Wales,2910,Australia,0439 999 242,Beginner,true,Vq!1bg35j8
Cody,Rowlin,crowlin38@webnode.com,7205 Bobwhite Point,Sydney,New South Wales,2292,Australia,0465 849 076,Expert,false,Dl!2wb56d3
Bail,MacElane,bmacelane39@cbsnews.com,05 Merchant Alley,Strawberry Hills,New South Wales,2101,Australia,0414 539 346,Intermediate,true,Wg!4qa77x2
Yasmeen,Cattemull,ycattemull3a@google.co.jp,554 Dorton Court,Sydney,New South Wales,2044,Australia,0445 624 654,Expert,true,Nv!0ea16u3
Kassandra,Lammers,klammers3b@constantcontact.com,87018 Loeprich Street,Eastern Suburbs Mc,New South Wales,2569,Australia,0472 200 008,Beginner,true,Wq!3du25i6
Stanwood,Groll,sgroll3c@whitehouse.gov,8 Heath Terrace,Sydney,New South Wales,2966,Australia,0421 621 428,Expert,false,We!4oe84r4
Modestine,Padilla,mpadilla3d@taobao.com,073 Nobel Hill,Sydney,New South Wales,2414,Australia,0452 716 168,Expert,false,Es!3sc76o0
Dulcea,Gilleson,dgilleson3e@discuz.net,2980 Arizona Parkway,Australia Square,New South Wales,2464,Australia,0408 957 903,Intermediate,true,Um!2gv11t6
Guthry,Lettson,glettson3f@mapquest.com,33735 Chive Park,Eastern Suburbs Mc,New South Wales,2454,Australia,0455 362 895,Beginner,true,Gs!0zu51h3
Karolina,Preshaw,kpreshaw3g@fc2.com,8288 Fair Oaks Court,Sydney,New South Wales,2563,Australia,0409 722 565,Expert,true,Dz!0qi06y2
Mike,Partrick,mpartrick3h@nifty.com,082 Sachs Way,Sydney,New South Wales,2732,Australia,0448 911 638,Intermediate,true,Qt!4zf45m5
Bronny,Northedge,bnorthedge3i@answers.com,45 Marquette Park,Eastern Suburbs Mc,New South Wales,2426,Australia,0428 689 143,Beginner,false,Ai!6zo70x9
Brendin,Clother,bclother3j@hp.com,8 Kinsman Crossing,Sydney,New South Wales,2774,Australia,0420 732 519,Intermediate,false,Xt!5em70y0
Keenan,Olyunin,kolyunin3k@csmonitor.com,9034 Derek Drive,Sydney,New South Wales,2941,Australia,0424 095 574,Beginner,true,Oc!5hx97d7
Cindi,Bosward,cbosward3l@multiply.com,7057 Homewood Point,Sydney,New South Wales,2722,Australia,0455 550 838,Advanced,true,Oa!5he05t4
Kellyann,Muckeen,kmuckeen3m@mashable.com,64 Fulton Road,Sydney,New South Wales,2329,Australia,0444 334 477,Advanced,false,Rq!1hj82e3
Frederica,Tourry,ftourry3n@thetimes.co.uk,1 Sutherland Park,Sydney,New South Wales,2218,Australia,0482 861 401,Beginner,false,Xs!2jq77i2
Manuel,Arend,marend3o@alexa.com,4 Messerschmidt Court,Sydney South,New South Wales,2258,Australia,0414 102 193,Intermediate,false,Mh!4an38j5
Nanni,Godsal,ngodsal3p@baidu.com,2 Loomis Parkway,Eastern Suburbs Mc,New South Wales,2117,Australia,0430 262 979,Beginner,false,Ra!8zj87j1
Christen,Eversley,ceversley3q@alexa.com,7 Waxwing Road,Sydney,New South Wales,2276,Australia,0446 704 189,Beginner,true,Ph!1cy05k2
Benedikt,Tue,btue3r@dion.ne.jp,9 Elmside Road,Strawberry Hills,New South Wales,2392,Australia,0449 536 202,Beginner,true,Vv!0fg03l7
Davine,Castano,dcastano3s@biblegateway.com,5 Derek Pass,Sydney,New South Wales,2839,Australia,0437 894 359,Advanced,true,To!5rs35m2
Sara,Coulton,scoulton3t@about.com,9237 Merry Point,Sydney,New South Wales,2069,Australia,0448 822 367,Intermediate,true,Pt!0se00h0
Harmonia,Sutliff,hsutliff3u@unc.edu,81 Old Gate Avenue,Sydney,New South Wales,2346,Australia,0407 440 096,Expert,true,Cx!0pd07d7
Shem,Schlagh,sschlagh3v@tuttocitta.it,59 Barnett Parkway,Sydney,New South Wales,2151,Australia,0402 441 567,Intermediate,true,Yx!5uy36s5
Noella,Wanklin,nwanklin3w@photobucket.com,1 Laurel Point,Sydney,New South Wales,2079,Australia,0464 883 757,Advanced,false,Dg!1ob11d6
Peggie,Umpleby,pumpleby3x@webeden.co.uk,8930 Larry Circle,Sydney,New South Wales,2755,Australia,0474 963 163,Beginner,false,Fv!1it28e6
Joli,Shaylor,jshaylor3y@epa.gov,75 Clemons Lane,Sydney South,New South Wales,2514,Australia,0412 591 444,Intermediate,true,Yr!9sq75j0
Aubrey,Densell,adensell3z@hugedomains.com,7244 Nevada Park,Sydney,New South Wales,2825,Australia,0458 729 196,Advanced,true,Lm!9xw98p6
Deidre,Twyning,dtwyning40@yandex.ru,1 Hollow Ridge Crossing,Sydney,New South Wales,2966,Australia,0441 099 896,Advanced,false,Rt!7op87z2
Elyssa,Kynder,ekynder41@vimeo.com,5172 Judy Road,Sydney,New South Wales,2340,Australia,0482 830 438,Beginner,true,Fx!4mo43u4
Chandra,Fann,cfann42@cpanel.net,8 Prairie Rose Court,Sydney,New South Wales,2974,Australia,0455 739 147,Expert,false,Qn!1sr42l0
Guy,Bishopp,gbishopp43@utexas.edu,44 Sachs Center,Sydney,New South Wales,2679,Australia,0473 665 204,Beginner,true,Zq!6gn43l2
Jermaine,Heinsh,jheinsh44@naver.com,0 Northfield Crossing,Sydney,New South Wales,2528,Australia,0498 200 041,Intermediate,true,Wg!7bt51y1
Erinna,Flecknell,eflecknell45@irs.gov,142 Sage Avenue,Sydney,New South Wales,2367,Australia,0467 501 513,Beginner,false,Ys!5gj57g3
Dennie,Paeckmeyer,dpaeckmeyer46@twitter.com,57402 Leroy Way,Sydney,New South Wales,2734,Australia,0449 559 703,Beginner,true,Sb!2zz27u3
Sonnie,Loving,sloving47@cdbaby.com,0 Independence Point,Sydney,New South Wales,2714,Australia,0448 549 188,Advanced,true,Zo!6ca96r6
Hatty,Abbe,habbe48@yelp.com,55 Golf View Place,Sydney,New South Wales,2421,Australia,0429 186 699,Advanced,false,Fj!3ul92o9
Petey,Gallyhaock,pgallyhaock49@mit.edu,8559 Westridge Way,Sydney,New South Wales,2019,Australia,0436 868 558,Intermediate,true,In!9bu11g6
Granny,Bernth,gbernth4a@un.org,3341 Lotheville Park,Sydney,New South Wales,2258,Australia,0442 115 473,Expert,false,Se!8ki72f7
Norbert,Dyte,ndyte4b@istockphoto.com,96 Heffernan Road,Strawberry Hills,New South Wales,2079,Australia,0476 727 761,Advanced,false,Oa!0sn70z3
Padraig,Midghall,pmidghall4c@dropbox.com,5 Brentwood Hill,Eastern Suburbs Mc,New South Wales,2345,Australia,0471 563 132,Advanced,true,Ne!2ox72i4
Cobb,Cocozza,ccocozza4d@alexa.com,63 Upham Circle,Sydney,New South Wales,2670,Australia,0423 315 849,Expert,false,Gt!2zx67a1
Afton,Ditchfield,aditchfield4e@zimbio.com,65194 Westport Pass,Sydney,New South Wales,2984,Australia,0462 135 738,Intermediate,true,Pd!6hs56q8
Cathe,Arrol,carrol4f@sun.com,9901 Algoma Plaza,Sydney,New South Wales,2032,Australia,0439 511 772,Expert,true,Zh!3wc93n3
Isidoro,Pfeffle,ipfeffle4g@free.fr,0 Old Gate Junction,Sydney,New South Wales,2854,Australia,0431 712 480,Advanced,false,Sy!0yc68y3
Lowrance,Bonifacio,lbonifacio4h@bloomberg.com,09 Nancy Terrace,Strawberry Hills,New South Wales,2906,Australia,0444 437 785,Intermediate,false,Zj!9is17s0
Morgan,MacIntyre,mmacintyre4i@delicious.com,587 Canary Place,Sydney,New South Wales,2063,Australia,0437 043 705,Advanced,true,An!5bq21i5
Erda,McConnachie,emcconnachie4j@weather.com,9894 Everett Center,Sydney,New South Wales,2740,Australia,0427 962 647,Intermediate,true,Bj!9vr91n8
Alfy,Fitchen,afitchen4k@reuters.com,86275 Iowa Park,Sydney,New South Wales,2854,Australia,0485 562 482,Intermediate,false,Gg!4cv61u2
Jaquelin,Hawe,jhawe4l@intel.com,8 Brentwood Parkway,Sydney,New South Wales,2579,Australia,0442 171 771,Expert,false,Yp!9oq65x7
Ingemar,Playhill,iplayhill4m@google.fr,9 Eagle Crest Drive,Sydney,New South Wales,2486,Australia,0458 795 174,Intermediate,false,Ds!4bp70x3
Nikolos,Cudd,ncudd4n@umn.edu,3 Clove Point,Eastern Suburbs Mc,New South Wales,2367,Australia,0428 567 225,Intermediate,false,Xk!2af59v9
Emmanuel,Gocher,egocher4o@flickr.com,700 Jay Place,Sydney,New South Wales,2543,Australia,0441 185 871,Advanced,true,Bo!5ss36c0
Shandee,Plane,splane4p@telegraph.co.uk,19 Little Fleur Road,Sydney,New South Wales,2238,Australia,0409 368 740,Advanced,true,Dt!9ge57i4
Isidor,Lebarree,ilebarree4q@cdc.gov,53702 Mockingbird Road,Sydney,New South Wales,2472,Australia,0455 806 582,Expert,false,Mf!2oj43e4
Arturo,Gason,agason4r@mashable.com,7 Burning Wood Crossing,Sydney,New South Wales,2903,Australia,0495 708 654,Advanced,true,Sq!9dy75i4
Tam,Crebbin,tcrebbin4s@yolasite.com,98387 Dayton Center,Sydney,New South Wales,2725,Australia,0433 195 212,Beginner,true,Wb!3ny77e6
Jonathon,Bediss,jbediss4t@chicagotribune.com,19477 Anhalt Pass,Australia Square,New South Wales,2161,Australia,0420 256 247,Beginner,false,Uy!1ex43b2
Peirce,Treagust,ptreagust4u@va.gov,65 Elka Road,Sydney,New South Wales,2706,Australia,0401 231 715,Beginner,true,Ly!6mw64f2
Tuesday,Konzel,tkonzel4v@wikimedia.org,17074 Twin Pines Avenue,Sydney,New South Wales,2853,Australia,0465 148 785,Advanced,false,Uu!6xp39f0
Odilia,Farquharson,ofarquharson4w@alibaba.com,27 Saint Paul Parkway,Sydney,New South Wales,2537,Australia,0446 951 609,Intermediate,true,Ny!1gc14r4
Melanie,Putt,mputt4x@myspace.com,792 Algoma Terrace,Sydney,New South Wales,2432,Australia,0439 813 831,Intermediate,false,Cq!0za37g6
Cherish,Stainsby,cstainsby4y@sourceforge.net,4 Lake View Plaza,Eastern Suburbs Mc,New South Wales,2202,Australia,0409 497 772,Expert,true,Ya!9dc17a1
Bogart,Coste,bcoste4z@hibu.com,60898 Washington Road,Sydney,New South Wales,2612,Australia,0490 486 882,Expert,true,Nr!4we77p2
Chaunce,Rayman,crayman50@about.com,95 Del Mar Circle,Northern Suburbs Mc,New South Wales,2530,Australia,0482 678 514,Intermediate,true,Pg!1uy44o0
Channa,Kubicek,ckubicek51@trellian.com,9795 Anhalt Pass,Eastern Suburbs Mc,New South Wales,2022,Australia,0470 072 383,Intermediate,true,Jj!4pa20a8
Duffie,Galea,dgalea52@umich.edu,36 Roxbury Junction,Sydney South,New South Wales,2290,Australia,0413 844 354,Intermediate,true,Tf!1dp26f3
Jaye,Attow,jattow53@photobucket.com,90 Elka Drive,Sydney,New South Wales,2337,Australia,0499 678 648,Advanced,false,Hu!9jm34a6
Maighdiln,Pengilley,mpengilley54@marketwatch.com,9084 Becker Plaza,Eastern Suburbs Mc,New South Wales,2438,Australia,0449 974 021,Expert,false,Jx!5ww98u6
Edgardo,Lockhart,elockhart55@gizmodo.com,3516 Boyd Court,Sydney,New South Wales,2195,Australia,0499 967 908,Advanced,true,Kl!4bv35v9
Bentlee,Curnow,bcurnow56@weather.com,57754 Forest Drive,Sydney,New South Wales,2642,Australia,0438 332 269,Expert,false,Mj!1nj12v9
Yetty,Gamble,ygamble57@furl.net,290 Meadow Vale Point,Sydney South,New South Wales,2014,Australia,0460 821 809,Expert,true,Fc!4mw11u3
Kristo,Philipard,kphilipard58@washingtonpost.com,13680 Homewood Point,Sydney,New South Wales,2090,Australia,0427 619 056,Expert,false,Bv!1ke73a2
Artus,Monkleigh,amonkleigh59@qq.com,038 Dapin Terrace,Sydney,New South Wales,2810,Australia,0443 688 790,Intermediate,true,Mq!9pu38q7
Brandtr,Carlile,bcarlile5a@fda.gov,1071 Cordelia Place,Sydney,New South Wales,2182,Australia,0464 800 447,Expert,true,Ni!1zm62y4
Maighdiln,Beckinsall,mbeckinsall5b@nih.gov,6 Pearson Center,Sydney,New South Wales,2931,Australia,0475 156 522,Beginner,false,Sc!4im63o5
Rosamond,Sullens,rsullens5c@ameblo.jp,369 Lakeland Junction,Sydney,New South Wales,2130,Australia,0427 609 421,Beginner,false,Sd!3lb44v8
Nathanil,Biaggetti,nbiaggetti5d@wired.com,75075 Pine View Court,Sydney,New South Wales,2439,Australia,0487 777 541,Intermediate,true,Si!5qc74m7
Sonny,Tillyer,stillyer5e@surveymonkey.com,9538 Paget Plaza,Strawberry Hills,New South Wales,2957,Australia,0486 933 733,Advanced,true,Pu!8gl96f7
Darn,Bescoby,dbescoby5f@feedburner.com,285 Dixon Court,Sydney,New South Wales,2687,Australia,0459 583 568,Intermediate,true,Rd!7vd76s8
Rolando,Iggo,riggo5g@wsj.com,11 Clove Road,Sydney South,New South Wales,2490,Australia,0430 222 980,Expert,false,Bx!9mp50v6
Tull,Laurencot,tlaurencot5h@phpbb.com,8 Continental Court,Eastern Suburbs Mc,New South Wales,2426,Australia,0404 456 498,Intermediate,false,Mj!5yp69o7
Wylie,Giuroni,wgiuroni5i@hibu.com,0 Kensington Crossing,Sydney,New South Wales,2495,Australia,0453 187 072,Intermediate,true,Oa!0hq07o4
Aveline,McColgan,amccolgan5j@livejournal.com,237 Harper Circle,Northern Suburbs Mc,New South Wales,2982,Australia,0485 659 185,Advanced,true,Vj!4np41o8
